Project Name,Name,Scenario,Dataset,Link,generated
HACID,Medical diagnostics,"A case of internal medicine reports about a patient that is found with painless jaundice, pruritus perceived as debilitating, weight loss of 15 pounds over 3 months with associated fatigue and anorexia. Additionally, the patient is affected by type 2 diabetes mellitus with difficulty controlling insulin, and hyperbilirubinemia. 

A single case can be associated with a list of solutions provided by the creator of the case. If more than one solution is provided by the creator, then one must be identified as primary and other as secondary. The case is evaluated by 5 healthcare professionals who formulated their diagnoses by taking into account the findings. Each healthcare professional provides a collection of ordered diagnoses. The ordering is based on relevance. 

Additionally, each healthcare professional is associated with personal details about specialty, seniority, country, and organisation of affiliation.",,,Which cases are associated with a specific symptom?
HACID,Medical diagnostics,"A case of internal medicine reports about a patient that is found with painless jaundice, pruritus perceived as debilitating, weight loss of 15 pounds over 3 months with associated fatigue and anorexia. Additionally, the patient is affected by type 2 diabetes mellitus with difficulty controlling insulin, and hyperbilirubinemia. 

A single case can be associated with a list of solutions provided by the creator of the case. If more than one solution is provided by the creator, then one must be identified as primary and other as secondary. The case is evaluated by 5 healthcare professionals who formulated their diagnoses by taking into account the findings. Each healthcare professional provides a collection of ordered diagnoses. The ordering is based on relevance. 

Additionally, each healthcare professional is associated with personal details about specialty, seniority, country, and organisation of affiliation.",,,What is the primary solution for a case?
HACID,Medical diagnostics,"A case of internal medicine reports about a patient that is found with painless jaundice, pruritus perceived as debilitating, weight loss of 15 pounds over 3 months with associated fatigue and anorexia. Additionally, the patient is affected by type 2 diabetes mellitus with difficulty controlling insulin, and hyperbilirubinemia. 

A single case can be associated with a list of solutions provided by the creator of the case. If more than one solution is provided by the creator, then one must be identified as primary and other as secondary. The case is evaluated by 5 healthcare professionals who formulated their diagnoses by taking into account the findings. Each healthcare professional provides a collection of ordered diagnoses. The ordering is based on relevance. 

Additionally, each healthcare professional is associated with personal details about specialty, seniority, country, and organisation of affiliation.",,,Which cases have a secondary solution?
HACID,Medical diagnostics,"A case of internal medicine reports about a patient that is found with painless jaundice, pruritus perceived as debilitating, weight loss of 15 pounds over 3 months with associated fatigue and anorexia. Additionally, the patient is affected by type 2 diabetes mellitus with difficulty controlling insulin, and hyperbilirubinemia. 

A single case can be associated with a list of solutions provided by the creator of the case. If more than one solution is provided by the creator, then one must be identified as primary and other as secondary. The case is evaluated by 5 healthcare professionals who formulated their diagnoses by taking into account the findings. Each healthcare professional provides a collection of ordered diagnoses. The ordering is based on relevance. 

Additionally, each healthcare professional is associated with personal details about specialty, seniority, country, and organisation of affiliation.",,,Which diseases are associated with a specific symptom?
HACID,Medical diagnostics,"A case of internal medicine reports about a patient that is found with painless jaundice, pruritus perceived as debilitating, weight loss of 15 pounds over 3 months with associated fatigue and anorexia. Additionally, the patient is affected by type 2 diabetes mellitus with difficulty controlling insulin, and hyperbilirubinemia. 

A single case can be associated with a list of solutions provided by the creator of the case. If more than one solution is provided by the creator, then one must be identified as primary and other as secondary. The case is evaluated by 5 healthcare professionals who formulated their diagnoses by taking into account the findings. Each healthcare professional provides a collection of ordered diagnoses. The ordering is based on relevance. 

Additionally, each healthcare professional is associated with personal details about specialty, seniority, country, and organisation of affiliation.",,,How many symptoms are reported in a case?
HACID,Medical diagnostics,"A case of internal medicine reports about a patient that is found with painless jaundice, pruritus perceived as debilitating, weight loss of 15 pounds over 3 months with associated fatigue and anorexia. Additionally, the patient is affected by type 2 diabetes mellitus with difficulty controlling insulin, and hyperbilirubinemia. 

A single case can be associated with a list of solutions provided by the creator of the case. If more than one solution is provided by the creator, then one must be identified as primary and other as secondary. The case is evaluated by 5 healthcare professionals who formulated their diagnoses by taking into account the findings. Each healthcare professional provides a collection of ordered diagnoses. The ordering is based on relevance. 

Additionally, each healthcare professional is associated with personal details about specialty, seniority, country, and organisation of affiliation.",,,Which healthcare professional evaluated a specific case?
HACID,Medical diagnostics,"A case of internal medicine reports about a patient that is found with painless jaundice, pruritus perceived as debilitating, weight loss of 15 pounds over 3 months with associated fatigue and anorexia. Additionally, the patient is affected by type 2 diabetes mellitus with difficulty controlling insulin, and hyperbilirubinemia. 

A single case can be associated with a list of solutions provided by the creator of the case. If more than one solution is provided by the creator, then one must be identified as primary and other as secondary. The case is evaluated by 5 healthcare professionals who formulated their diagnoses by taking into account the findings. Each healthcare professional provides a collection of ordered diagnoses. The ordering is based on relevance. 

Additionally, each healthcare professional is associated with personal details about specialty, seniority, country, and organisation of affiliation.",,,What is the specialty of a healthcare professional?
HACID,Medical diagnostics,"A case of internal medicine reports about a patient that is found with painless jaundice, pruritus perceived as debilitating, weight loss of 15 pounds over 3 months with associated fatigue and anorexia. Additionally, the patient is affected by type 2 diabetes mellitus with difficulty controlling insulin, and hyperbilirubinemia. 

A single case can be associated with a list of solutions provided by the creator of the case. If more than one solution is provided by the creator, then one must be identified as primary and other as secondary. The case is evaluated by 5 healthcare professionals who formulated their diagnoses by taking into account the findings. Each healthcare professional provides a collection of ordered diagnoses. The ordering is based on relevance. 

Additionally, each healthcare professional is associated with personal details about specialty, seniority, country, and organisation of affiliation.",,,Which organization is a healthcare professional affiliated with?
HACID,Medical diagnostics,"A case of internal medicine reports about a patient that is found with painless jaundice, pruritus perceived as debilitating, weight loss of 15 pounds over 3 months with associated fatigue and anorexia. Additionally, the patient is affected by type 2 diabetes mellitus with difficulty controlling insulin, and hyperbilirubinemia. 

A single case can be associated with a list of solutions provided by the creator of the case. If more than one solution is provided by the creator, then one must be identified as primary and other as secondary. The case is evaluated by 5 healthcare professionals who formulated their diagnoses by taking into account the findings. Each healthcare professional provides a collection of ordered diagnoses. The ordering is based on relevance. 

Additionally, each healthcare professional is associated with personal details about specialty, seniority, country, and organisation of affiliation.",,,How many healthcare professionals are from a specific country?
HACID,Medical diagnostics,"A case of internal medicine reports about a patient that is found with painless jaundice, pruritus perceived as debilitating, weight loss of 15 pounds over 3 months with associated fatigue and anorexia. Additionally, the patient is affected by type 2 diabetes mellitus with difficulty controlling insulin, and hyperbilirubinemia. 

A single case can be associated with a list of solutions provided by the creator of the case. If more than one solution is provided by the creator, then one must be identified as primary and other as secondary. The case is evaluated by 5 healthcare professionals who formulated their diagnoses by taking into account the findings. Each healthcare professional provides a collection of ordered diagnoses. The ordering is based on relevance. 

Additionally, each healthcare professional is associated with personal details about specialty, seniority, country, and organisation of affiliation.",,,Which healthcare professional has a specific seniority?
HACID,Medical diagnostics,"A case of internal medicine reports about a patient that is found with painless jaundice, pruritus perceived as debilitating, weight loss of 15 pounds over 3 months with associated fatigue and anorexia. Additionally, the patient is affected by type 2 diabetes mellitus with difficulty controlling insulin, and hyperbilirubinemia. 

A single case can be associated with a list of solutions provided by the creator of the case. If more than one solution is provided by the creator, then one must be identified as primary and other as secondary. The case is evaluated by 5 healthcare professionals who formulated their diagnoses by taking into account the findings. Each healthcare professional provides a collection of ordered diagnoses. The ordering is based on relevance. 

Additionally, each healthcare professional is associated with personal details about specialty, seniority, country, and organisation of affiliation.",,,What is the most relevant diagnosis for a case?
HACID,Medical diagnostics,"A case of internal medicine reports about a patient that is found with painless jaundice, pruritus perceived as debilitating, weight loss of 15 pounds over 3 months with associated fatigue and anorexia. Additionally, the patient is affected by type 2 diabetes mellitus with difficulty controlling insulin, and hyperbilirubinemia. 

A single case can be associated with a list of solutions provided by the creator of the case. If more than one solution is provided by the creator, then one must be identified as primary and other as secondary. The case is evaluated by 5 healthcare professionals who formulated their diagnoses by taking into account the findings. Each healthcare professional provides a collection of ordered diagnoses. The ordering is based on relevance. 

Additionally, each healthcare professional is associated with personal details about specialty, seniority, country, and organisation of affiliation.",,,Which diagnoses were provided by a specific healthcare professional?
HACID,Medical diagnostics,"A case of internal medicine reports about a patient that is found with painless jaundice, pruritus perceived as debilitating, weight loss of 15 pounds over 3 months with associated fatigue and anorexia. Additionally, the patient is affected by type 2 diabetes mellitus with difficulty controlling insulin, and hyperbilirubinemia. 

A single case can be associated with a list of solutions provided by the creator of the case. If more than one solution is provided by the creator, then one must be identified as primary and other as secondary. The case is evaluated by 5 healthcare professionals who formulated their diagnoses by taking into account the findings. Each healthcare professional provides a collection of ordered diagnoses. The ordering is based on relevance. 

Additionally, each healthcare professional is associated with personal details about specialty, seniority, country, and organisation of affiliation.",,,How many diagnoses did a healthcare professional provide for a case?
HACID,Medical diagnostics,"A case of internal medicine reports about a patient that is found with painless jaundice, pruritus perceived as debilitating, weight loss of 15 pounds over 3 months with associated fatigue and anorexia. Additionally, the patient is affected by type 2 diabetes mellitus with difficulty controlling insulin, and hyperbilirubinemia. 

A single case can be associated with a list of solutions provided by the creator of the case. If more than one solution is provided by the creator, then one must be identified as primary and other as secondary. The case is evaluated by 5 healthcare professionals who formulated their diagnoses by taking into account the findings. Each healthcare professional provides a collection of ordered diagnoses. The ordering is based on relevance. 

Additionally, each healthcare professional is associated with personal details about specialty, seniority, country, and organisation of affiliation.",,,Which cases involve a specific disease?
HACID,Medical diagnostics,"A case of internal medicine reports about a patient that is found with painless jaundice, pruritus perceived as debilitating, weight loss of 15 pounds over 3 months with associated fatigue and anorexia. Additionally, the patient is affected by type 2 diabetes mellitus with difficulty controlling insulin, and hyperbilirubinemia. 

A single case can be associated with a list of solutions provided by the creator of the case. If more than one solution is provided by the creator, then one must be identified as primary and other as secondary. The case is evaluated by 5 healthcare professionals who formulated their diagnoses by taking into account the findings. Each healthcare professional provides a collection of ordered diagnoses. The ordering is based on relevance. 

Additionally, each healthcare professional is associated with personal details about specialty, seniority, country, and organisation of affiliation.",,,Which healthcare professionals belong to a specific specialty?
HACID,Medical diagnostics,"A case of internal medicine reports about a patient that is found with painless jaundice, pruritus perceived as debilitating, weight loss of 15 pounds over 3 months with associated fatigue and anorexia. Additionally, the patient is affected by type 2 diabetes mellitus with difficulty controlling insulin, and hyperbilirubinemia. 

A single case can be associated with a list of solutions provided by the creator of the case. If more than one solution is provided by the creator, then one must be identified as primary and other as secondary. The case is evaluated by 5 healthcare professionals who formulated their diagnoses by taking into account the findings. Each healthcare professional provides a collection of ordered diagnoses. The ordering is based on relevance. 

Additionally, each healthcare professional is associated with personal details about specialty, seniority, country, and organisation of affiliation.",,,Which organization has evaluated multiple cases?
HACID,Medical diagnostics,"A case of internal medicine reports about a patient that is found with painless jaundice, pruritus perceived as debilitating, weight loss of 15 pounds over 3 months with associated fatigue and anorexia. Additionally, the patient is affected by type 2 diabetes mellitus with difficulty controlling insulin, and hyperbilirubinemia. 

A single case can be associated with a list of solutions provided by the creator of the case. If more than one solution is provided by the creator, then one must be identified as primary and other as secondary. The case is evaluated by 5 healthcare professionals who formulated their diagnoses by taking into account the findings. Each healthcare professional provides a collection of ordered diagnoses. The ordering is based on relevance. 

Additionally, each healthcare professional is associated with personal details about specialty, seniority, country, and organisation of affiliation.",,,Does a case have more than one solution?
HACID,Medical diagnostics,"A case of internal medicine reports about a patient that is found with painless jaundice, pruritus perceived as debilitating, weight loss of 15 pounds over 3 months with associated fatigue and anorexia. Additionally, the patient is affected by type 2 diabetes mellitus with difficulty controlling insulin, and hyperbilirubinemia. 

A single case can be associated with a list of solutions provided by the creator of the case. If more than one solution is provided by the creator, then one must be identified as primary and other as secondary. The case is evaluated by 5 healthcare professionals who formulated their diagnoses by taking into account the findings. Each healthcare professional provides a collection of ordered diagnoses. The ordering is based on relevance. 

Additionally, each healthcare professional is associated with personal details about specialty, seniority, country, and organisation of affiliation.",,,Which symptoms are most common in cases?
HACID,Medical diagnostics,"A case of internal medicine reports about a patient that is found with painless jaundice, pruritus perceived as debilitating, weight loss of 15 pounds over 3 months with associated fatigue and anorexia. Additionally, the patient is affected by type 2 diabetes mellitus with difficulty controlling insulin, and hyperbilirubinemia. 

A single case can be associated with a list of solutions provided by the creator of the case. If more than one solution is provided by the creator, then one must be identified as primary and other as secondary. The case is evaluated by 5 healthcare professionals who formulated their diagnoses by taking into account the findings. Each healthcare professional provides a collection of ordered diagnoses. The ordering is based on relevance. 

Additionally, each healthcare professional is associated with personal details about specialty, seniority, country, and organisation of affiliation.",,,Which cases were evaluated by a professional from a specific country?
HACID,Medical diagnostics,"A case of internal medicine reports about a patient that is found with painless jaundice, pruritus perceived as debilitating, weight loss of 15 pounds over 3 months with associated fatigue and anorexia. Additionally, the patient is affected by type 2 diabetes mellitus with difficulty controlling insulin, and hyperbilirubinemia. 

A single case can be associated with a list of solutions provided by the creator of the case. If more than one solution is provided by the creator, then one must be identified as primary and other as secondary. The case is evaluated by 5 healthcare professionals who formulated their diagnoses by taking into account the findings. Each healthcare professional provides a collection of ordered diagnoses. The ordering is based on relevance. 

Additionally, each healthcare professional is associated with personal details about specialty, seniority, country, and organisation of affiliation.",,,How many cases involve a specific disease and symptom?
